{
  "timestamp": "2026-02-16T14:30:01.216909",
  "random_forest": {
    "AUC_ROC": 0.9184729297621348,
    "POD_Recall": 0.635593220338983,
    "FAR": 0.8442367601246106,
    "CSI": 0.14299332697807435,
    "Precision": 0.1557632398753894,
    "F1": 0.25020850708924103,
    "Brier_Score": 0.04220640019853169,
    "TP": 150,
    "FP": 813,
    "FN": 86,
    "TN": 13753,
    "N_total": 14802,
    "N_positive": 236
  },
  "xgboost": {
    "AUC_ROC": 0.9162078162053726,
    "POD_Recall": 0.75,
    "FAR": 0.8875476493011436,
    "CSI": 0.10838946723821188,
    "Precision": 0.11245235069885642,
    "F1": 0.19558011049723756,
    "Brier_Score": 0.07121348759758686,
    "TP": 177,
    "FP": 1397,
    "FN": 59,
    "TN": 13169,
    "N_total": 14802,
    "N_positive": 236
  },
  "feature_names": [
    "VMAX",
    "PMIN",
    "DELTA_V_6H",
    "DELTA_V_12H",
    "DELTA_P_6H",
    "TRANS_SPEED",
    "HEADING",
    "ABS_LAT"
  ],
  "rf_feature_importance": {
    "DELTA_V_12H": 0.2007469738470777,
    "DELTA_V_6H": 0.1966735583340358,
    "DELTA_P_6H": 0.17824541496129917,
    "VMAX": 0.11046203249105495,
    "ABS_LAT": 0.10707158271822691,
    "PMIN": 0.08221584012792842,
    "TRANS_SPEED": 0.0625175330107388,
    "HEADING": 0.06206706450963832
  },
  "xgb_feature_importance": {
    "DELTA_V_12H": 0.4493085443973541,
    "DELTA_V_6H": 0.2203201800584793,
    "DELTA_P_6H": 0.1400117129087448,
    "VMAX": 0.05336197093129158,
    "ABS_LAT": 0.0405910462141037,
    "PMIN": 0.03367689251899719,
    "HEADING": 0.03256659582257271,
    "TRANS_SPEED": 0.030163073912262917
  }
}